name,parent_strain,mutations_from_parent,mutations_from_reference
KP.2-moderate-mutant-1,KP.2,K444T F490S A348P K440R Q493E,I332V G339H R346T A348P K356T S371F S373P S375F T376A R403K D405N R408S K417N N440R K444T V445H G446S N450D L452W L455S F456L N460K S477N T478K N481K V483- E484K F486P F490S Q493E Q498R N501Y Y505H
KP.2-moderate-mutant-2,KP.2,K444R F490V K478R A348S L456V,I332V G339H R346T A348S K356T S371F S373P S375F T376A R403K D405N R408S K417N N440K K444R V445H G446S N450D L452W L455S F456V N460K S477N T478R N481K V483- E484K F486P F490V Q498R N501Y Y505H
KP.2-moderate-mutant-3,KP.2,K444M F490Y N417T Y453F A348P,I332V G339H R346T A348P K356T S371F S373P S375F T376A R403K D405N R408S K417T N440K K444M V445H G446S N450D L452W Y453F L455S F456L N460K S477N T478K N481K V483- E484K F486P F490Y Q498R N501Y Y505H
KP.2-moderate-mutant-4,KP.2,K444T F490S D420N T346S I468L,I332V G339H R346S K356T S371F S373P S375F T376A R403K D405N R408S K417N D420N N440K K444T V445H G446S N450D L452W L455S F456L N460K I468L S477N T478K N481K V483- E484K F486P F490S Q498R N501Y Y505H
KP.2-aggressive-mutant-1,KP.2,K444T F490S A348P K440R Q493E K478R L456V N417T,I332V G339H R346T A348P K356T S371F S373P S375F T376A R403K D405N R408S K417T N440R K444T V445H G446S N450D L452W L455S F456V N460K S477N T478R N481K V483- E484K F486P F490S Q493E Q498R N501Y Y505H
KP.2-aggressive-mutant-2,KP.2,K444R F490V A348S D420N Y453F K478E I468L H445A,I332V G339H R346T A348S K356T S371F S373P S375F T376A R403K D405N R408S K417N D420N N440K K444R V445A G446S N450D L452W Y453F L455S F456L N460K I468L S477N T478E N481K V483- E484K F486P F490V Q498R N501Y Y505H
KP.2-aggressive-mutant-3,KP.2,K444M F490Y A348P S494P L441R A475S I468M K478I,I332V G339H R346T A348P K356T S371F S373P S375F T376A R403K D405N R408S K417N N440K L441R K444M V445H G446S N450D L452W L455S F456L N460K I468M A475S S477N T478I N481K V483- E484K F486P F490Y S494P Q498R N501Y Y505H
KP.2-aggressive-mutant-4,KP.2,K444T F490S T346S E516Q K440R K462R K478N N354K,I332V G339H R346S N354K K356T S371F S373P S375F T376A R403K D405N R408S K417N N440R K444T V445H G446S N450D L452W L455S F456L N460K K462R S477N T478N N481K V483- E484K F486P F490S Q498R N501Y Y505H E516Q
HK.3.2-moderate-mutant-1,HK.3.2,K356T K444T S494P K440R Y453F,G339H R346T K356T L368I S371F S373P S375F T376A D405N R408S K417N N440R K444T V445P G446S Y453F L455F F456L N460K S477N T478K E484A F486P F490S S494P Q498R N501Y Y505H
HK.3.2-moderate-mutant-2,HK.3.2,P445A K356T N450D S490Y L452R,G339H R346T K356T L368I S371F S373P S375F T376A D405N R408S K417N N440K V445A G446S N450D L452R L455F F456L N460K S477N T478K E484A F486P F490Y Q498R N501Y Y505H
HK.3.2-aggressive-mutant-1,HK.3.2,K356T K444T S494P K440R Y453F L452R E471Q K478R,G339H R346T K356T L368I S371F S373P S375F T376A D405N R408S K417N N440R K444T V445P G446S L452R Y453F L455F F456L N460K E471Q S477N T478R E484A F486P F490S S494P Q498R N501Y Y505H
HK.3.2-aggressive-mutant-2,HK.3.2,P445A K356T N450D S490Y Q493L K440T L452Q N405Y,G339H R346T K356T L368I S371F S373P S375F T376A D405Y R408S K417N N440T V445A G446S N450D L452Q L455F F456L N460K S477N T478K E484A F486P F490Y Q493L Q498R N501Y Y505H
